Insert Suffering
****************
INSERT INTO sufferings (id,name,warning)
values 
	(1,'Anemia','Hemoglobin below 11.5 no surgery. From 11.5 and above cell saver mandatory'),
	(2,'Asthma',''),
    (3,'Butt injections','They do not touch her buttocks,but yes to the lipo360'),
    (4,'Chronic kidney disease',''),
    (5,'Constipation',''),
    (6,'Crohn''s disease',''),
    (7,'Cyst','Determine whether it is cancerous or not. If cancerous,no surgery'),
    (8,'Dermatomyositis',''),
    (9,'Epilepsy','Clearence from Neurologist. In the case of Dr. Tachmes medical records must be sent before placing a deposit for approval'),
    (10,'Factor V Leiden',''),
    (11,'Fibromyalgia',''),
    (12,'G6P deficiency',''),
    (13,'Gallbladder Removed',''),
    (14,'GallStones',''),
    (15,'Gastroesophageal reflux(GERD)',''),
    (16,'Heart murmur','Clearence from Cardiologist'),
    (17,'Heart/Atrial fibrillation',''),
    (18,'Hepatitis',''),
    (19,'Herpes simplex (HSV)',''),
    (20,'Hidradenitis suppurativa',''),
    (21,'High blood pressure','Needs to be under control. Clearence from PCP'),
    (22,'HIV','As long as they are undetectable,not having AIDS,only the virus,and they are in good condition in general. They need clearance from their primary doctor and infectiologist'),
    (23,'Human papillomavirus (HPV)',''),
	(24,'Hyperlipidemia',''),
	(25,'Hyperthyroidism',''),
	(26,'Hypothyroidism',''),
	(27,'Hysterectomy','See source,cannot be related to any cancerous issues'),
	(28,'Intussusception','Needs to be fixed before'),
	(29,'Lung Colapse',''),
	(30,'Lupus',''),
	(31,'Metabolic disorder',''),
	(32,'Migraine',''),
	(33,'Multiple sclerosis',''),
	(34,'Myasthenia gravis',''),
	(35,'Psoriasis',''),
	(36,'Rheumatoid arthritis',''),
	(37,'Scoliosis',''),
	(38,'Sickle Cell Trait',''),
	(39,'Sleep apnea',''),
	(40,'Thalassemia',''),
	(41,'Tubal ligation',''),
	(42,'Type 1 diabetes',''),
	(43,'Type 2 diabetes','A1C level must be below 7,not taking insulin,clearence from PCP'),
	(44,'Umbilical hernia','Needs to be fixed before or added to the sx for an extra charge'),
	(45,'Uterain fibroids',''),
	(46,'Uterine myoma',''),
	(47,'Uterus prolapse','Needs to be fixed before'),
	(48,'Vitamin D deficiency',''),
	(49,'Vitiligo','');
	
Insert sufferings_by_doctors
****************************	
INSERT INTO sufferings_by_doctors (id,suffering_id,doctor_id)
values 
	(1,	9,1),
	(2,	9,3),
	(3,	9,4),
	(4,	22 ,1),
	(5,	22 ,4),
	(6,	43 ,1),
	(7,	43 ,3),
(2,1),(5,1),(7,1),(13,1),(14,1),(15,1),(19,1),(23,1),(25,1),(26,1),(27,1),(32,1),(35,1),(37,1),(41,1),(45,1),(46,1),(48,1),(49,1),(1,1),(16,1),(21,1),(28,1),(44,1),(47,1),(2,2),(5,2),(7,2),(13,2),(14,2),(15,2),(19,2),(23,2),(25,2),(26,2),(27,2),(32,2),(35,2),(37,2),(41,2),(45,2),(46,2),(48,2),(49,2),(1,2),(16,2),(21,2),(28,2),(44,2),(47,2),(2,3),(5,3),(7,3),(13,3),(14,3),(15,3),(19,3),(23,3),(25,3),(26,3),(27,3),(32,3),(35,3),(37,3),(41,3),(45,3),(46,3),(48,3),(49,3),(1,3),(16,3),(21,3),(28,3),(44,3),(47,3);	
	
Insert procedures
****************************	
INSERT INTO procedures (id,name,required_cell_saver)
values 
(1,'Lipo 360',true),
(2,'BBL',true),
(3,'Tummy 2',false),
(4,'BA Gel',false),
(5,'BA Saline',false),
(6,'B Lift',false),
(7,'BL Gel',false),
(8,'BL Saline',false),
(9,'Back Lipo',true),
(10,'Chin Lipo',true),
(11,'TT 4',false),
(12,'TT 10',true),
(13,'Breast R',false),
(14,'Hernia Repair',false),
(15,'Arm Lipo',true),
(16,'Inner Thigh Lipo',true),
(17,'Pubis Lipo',true),
(18,'Buffalo Hump',false),
(19,'Face Lift',false),
(20,'Blepharoplasty (Eye Lift)',false),
(21,'Single Eye Lift (Upper or Lower)',false),
(22,'Arm Lift',false),
(23,'Thigh Lift',false),
(24,'Gynecomastia',false),
(25,'Otoplasty',false),
(26,'Rhinoplasty',false),
(27,'Abs Sketching',false),
(28,'Banana Rolls',false)
(29,'Vaginal Rejuvenation',false);


Insert procs_by_doctors
****************************
INSERT INTO procs_by_doctors (id,procedure_id,doctor_id,price_cash,price_financed)
values 
(1,		1,	1,	4550,	5100),	
(2,		2,	1,	6500,	7300),	
(3,		3,	1,	4000,	4500),	
(4,		4,	1,	3500,	4000),	
(5,		5,	1,	2700,	3100),	
(6,		6,	1,	4000,	4500),	
(7,		7,	1,	5000,	5600),	
(8,		8,	1,	4300,	4800),	
(9,		9,	1,	3050,	3450),	
(10,	10,	1,	500,	600),	
(11,	11,	1,	4700,	5100),	
(12,	12,	1,	7050,	7900),	
(13,	13,	1,	5500,	6200),	
(14,	14,	1,	1000,	1200),	
(15,	15,	1,	600,	700),	
(16,	16,	1,	700,	800),	
(17,	17,	1,	500,	600),	
(18,	18,	1,	500,	600),	
(19,	1,	2,	3500,	4000),	
(20,	2,	2,	5500,	6200),	
(21,	3,	2,	3800,	4300),	
(22,	4,	2,	3500,	4000),	
(23,	5,	2,	2700,	3100),	
(24,	6,	2,	4000,	4500),	
(25,	7,	2,	5000,	5600),	
(26,	8,	2,	4300,	4800),	
(27,	9,	2,	2500,	2800),	
(28,	10,	2,	500,	600),	
(29,	11,	2,	4500,	5100),	
(30,	13,	2,	5500,	6200),	
(31,	14,	2,	1000,	1200),	
(32,	15,	2,	600,	700),	
(33,	16,	2,	600,	700),	
(34,	17,	2,	500,	600),	
(35,	18,	2,	500,	600),	
--(36,	19,	2,	5500,	6100),	
--(37,	20,	2,	3500,	4000),	
(38,	21,	2,	2500,	2800),	
--(39,	22,	2,	3500,	4000),	
--(40,	23,	2,	4000,	4600),	
(41,	24,	2,	4500,	5100),	
--(42,	25,	2,	3000,	3400),	
--(43,	26,	2,	6500,	7100),	
(44,	27,	2,	1500,	1700),	
(45,	1,	3,	3500,	4000),	
(46,	2,	3,	4500,	5100),	
(47,	3,	3,	3800,	4300),		
(48,	4,	3,	3500,	4000),	
(49,	5,	3,	2700,	3100),	
(50,	6,	3,	4000,	4500),	
(51,	7,	3,	5000,	5600),	
(52,	8,	3,	4300,	4800),	
(53,	9,	3,	2500,	2800),	
(54,	10,	3,	500,	600),	
(55,	11,	3,	4500,	5100),	
(56,	12,	3,	6500,	7300),	
(57,	13,	3,	5500,	6200),	
(58,	14,	3,	1000,	1200),	
(59,	15,	3,	600,	700),	
(60,	16,	3,	600,	700),	
(61,	17,	3,	500,	600),	
(62,	18,	3,	500,	600),	
(63,	28,	3,	600,	700);

Insert combos
****************************
INSERT INTO combos (id,number)
values
(1,1),
(2,2),
(3,3),
(4,4),
(5,5),
(6,6),
(7,7),
(8,8),
(9,9),
(10,10),
(11,11),
(12,12),
(13,13),
(14,14),
(15,15),
(16,16),
(17,17),
(18,18),
(19,19),
(20,20),
(21,21),
(22,22),
(23,23),
(24,24),
(25,25),
(26,26),
(27,27),
(28,28),
(29,29),
(30,30),
(31,31),
(32,32),
(33,33),
(34,34),
(35,35),
(36,36),
(37,37),
(38,38),
(39,39),
(40,40),
(41,41),
(42,42),
(43,43),
(44,44),
(45,45),
(46,46),
(47,47),
(48,48),
(49,49),
(50,50),
(51,51),
(52,52),
(53,53),
(54,54),
(55,55),
(56,56),
(57,57),
(58,58),
(59,59),
(60,60),
(61,61),
(62,62),
(63,63),
(64,64),
(65,65),
(66,66),
(67,67),
(68,68),
(69,69),
(70,70),
(71,71),
(72,72),
(73,73),
(74,74),
(75,75),
(76,76),
(77,77),
(78,78),
(79,79),
(80,80),
(81,81),
(82,82),
(83,83),
(84,84),
(85,85),
(86,86),
(87,87),
(88,88),
(89,89),
(90,90),
(91,91),
(92,92),
(93,93),
(94,94),
(95,95),
(96,96),
(97,97),
(98,98),
(99,99),
(100,100),
(101,101),
(102,102),
(103,103),
(104,104),
(105,105),
(106,106),
(107,107),
(108,108),
(109,109),
(110,110),
(111,111),
(112,112),
(113,113),
(114,114),
(115,115),
(116,116),
(117,117),
(118,118),
(119,119),
(120,120),
(121,121),
(122,122),
(123,123),
(124,124),
(125,125),
(126,126),
(127,127),
(128,128),
(129,129),
(130,130),
(131,131),
(132,132),
(133,133),
(134,134),
(135,135),
(136,136),
(137,137),
(138,138),
(139,139),
(140,140),
(141,141),
(142,142),
(143,143),
(144,144),
(145,145),
(146,146),
(147,147),
(148,148),
(149,149),
(150,150),
(151,151),
(152,152),
(153,153),
(154,154),
(155,155),
(156,156),
(157,157),
(158,158),
(159,159),
(160,160),
(161,161),
(162,162),
(163,163),
(164,164),
(165,165),
(166,166),
(167,167),
(168,168),
(169,169),
(170,170),
(171,171),
(172,172),
(173,173),
(174,174),
(175,175),
(176,176),
(177,177),
(178,178),
(179,179),
(180,180),
(181,181),
(182,182),
(183,183),
(184,184),
(185,185),
(186,186),
(187,187),
(188,188),
(189,189),
(190,190),
(191,191),
(192,192),
(193,193),
(194,194),
(195,195),
(196,196),
(197,197),
(198,198),
(199,199),
(200,200),
(201,201),
(202,202),
(203,203),
(204,204),
(205,205),
(206,206),
(207,207),
(208,208),
(209,209),
(210,210),
(211,211),
(212,212),
(213,213),
(214,214),
(215,215),
(216,216),
(217,217),
(218,218),
(219,219),
(220,220),
(221,221),
(222,222),
(223,223),
(224,224),
(225,225),
(226,226),
(227,227),
(228,228),
(229,229),
(230,230),
(231,231),
(232,232),
(233,233),
(234,234),
(235,235),
(236,236),
(237,237),
(238,238),
(239,239),
(240,240),
(241,241),
(242,242),
(243,243),
(244,244),
(245,245),
(246,246),
(247,247),
(248,248),
(249,249),
(250,250),
(251,251),
(252,252),
(253,253),
(254,254),
(255,255),
(256,256),
(257,257),
(258,258),
(259,259),
(260,260),
(261,261),
(262,262),
(263,263),
(264,264),
(265,265),
(266,266),
(267,267),
(268,268),
(269,269),
(270,270),
(271,271),
(272,272),
(273,273),
(274,274),
(275,275),
(276,276),
(277,277),
(278,278),
(279,279),
(280,280),
(281,281),
(282,282),
(283,283),
(284,284),
(285,285),
(286,286),
(287,287),
(288,288),
(289,289),
(290,290),
(291,291),
(292,292),
(293,293),
(294,294),
(295,295),
(296,296),
(297,297),
(298,298),
(299,299),
(300,300),
(301,301),
(302,302),
(303,303),
(304,304),
(305,305),
(306,306),
(307,307),
(308,308),
(309,309),
(310,310),
(311,311),
(312,312),
(313,313),
(314,314),
(315,315),
(316,316),
(317,317),
(318,318),
(319,319),
(320,320),
(321,321),
(322,322),
(323,323),
(324,324),
(325,325),
(326,326),
(327,327),
(328,328),
(329,329),
(330,330),
(331,331),
(332,332),
(333,333),
(334,334),
(335,335),
(336,336),
(337,337),
(338,338),
(339,339),
(340,340),
(341,341),
(342,342),
(343,343),
(344,344),
(345,345);

Insert procedures_by_combos
****************************
INSERT INTO procedures_by_combos (id, procedure_id, combo_id)
values 
(1,	1,	1),	
(2,	1,	2),	
(3,	1,	3),	
(4,	1,	4),	
(5,	1,	5),	
(6,	1,	6),	
(7,	1,	7),	
(8,	1,	8),	
(9,	1,	9),	
(10,	1,	10),	
(11,	1,	11),	
(12,	1,	12),	
(13,	1,	13),	
(14,	1,	14),	
(15,	1,	15),	
(16,	1,	16),	
(17,	1,	17),	
(18,	1,	18),	
(19,	1,	19),	
(20,	1,	20),	
(21,	1,	21),	
(22,	1,	22),	
(23,	1,	23),	
(24,	2,	24),	
(25,	2,	25),	
(26,	2,	26),	
(27,	2,	27),	
(28,	2,	28),	
(29,	2,	29),	
(30,	2,	30),	
(31,	2,	31),	
(32,	2,	32),	
(33,	2,	33),	
(34,	2,	34),	
(35,	2,	35),	
(36,	2,	36),	
(37,	2,	37),	
(38,	2,	38),	
(39,	2,	39),	
(40,	2,	40),	
(41,	2,	41),	
(42,	2,	42),	
(43,	2,	43),	
(44,	2,	44),	
(45,	2,	45),	
(46,	2,	46),	
(47,	2,	47),	
(48,	3,	48),	
(49,	3,	49),	
(50,	3,	50),	
(51,	3,	51),	
(52,	3,	52),	
(53,	3,	53),	
(54,	3,	54),	
(55,	3,	55),	
(56,	3,	56),	
(57,	3,	57),	
(58,	3,	58),	
(59,	3,	59),	
(60,	3,	60),	
(61,	3,	61),	
(62,	3,	62),	
(63,	3,	63),	
(64,	3,	64),	
(65,	3,	65),	
(66,	3,	66),	
(67,	3,	67),	
(68,	3,	68),	
(69,	3,	69),	
(70,	3,	70),	
(71,	4,	71),	
(72,	4,	72),	
(73,	4,	73),	
(74,	4,	74),	
(75,	4,	75),	
(76,	4,	76),	
(77,	4,	77),	
(78,	4,	78),	
(79,	4,	79),	
(80,	4,	80),	
(81,	4,	81),	
(82,	4,	82),	
(83,	4,	83),	
(84,	4,	84),	
(85,	4,	85),	
(86,	4,	86),	
(87,	4,	87),	
(88,	4,	88),	
(89,	5,	89),	
(90,	5,	90),	
(91,	5,	91),	
(92,	5,	92),	
(93,	5,	93),	
(94,	5,	94),	
(95,	5,	95),	
(96,	5,	96),	
(97,	5,	97),	
(98,	5,	98),	
(99,	5,	99),	
(100,	5,	100),	
(101,	5,	101),	
(102,	5,	102),	
(103,	5,	103),	
(104,	5,	104),	
(105,	5,	105),	
(106,	5,	106),	
(107,	6,	107),	
(108,	6,	108),	
(109,	6,	109),	
(110,	6,	110),	
(111,	6,	111),	
(112,	6,	112),	
(113,	6,	113),	
(114,	6,	114),	
(115,	6,	115),	
(116,	6,	116),	
(117,	6,	117),	
(118,	6,	118),	
(119,	6,	119),	
(120,	6,	120),	
(121,	6,	121),	
(122,	6,	122),	
(123,	6,	123),	
(124,	6,	124),	
(125,	7,	125),	
(126,	7,	126),	
(127,	7,	127),	
(128,	7,	128),	
(129,	7,	129),	
(130,	7,	130),	
(131,	7,	131),	
(132,	7,	132),	
(133,	7,	133),	
(134,	7,	134),	
(135,	7,	135),	
(136,	7,	136),	
(137,	7,	137),	
(138,	7,	138),	
(139,	7,	139),	
(140,	7,	140),	
(141,	7,	141),	
(142,	7,	142),	
(143,	8,	143),	
(144,	8,	144),	
(145,	8,	145),	
(146,	8,	146),	
(147,	8,	147),	
(148,	8,	148),	
(149,	8,	149),	
(150,	8,	150),	
(151,	8,	151),	
(152,	8,	152),	
(153,	8,	153),	
(154,	8,	154),	
(155,	8,	155),	
(156,	8,	156),	
(157,	8,	157),	
(158,	8,	158),	
(159,	8,	159),	
(160,	8,	160),	
(161,	9,	161),	
(162,	9,	162),	
(163,	9,	163),	
(164,	9,	164),	
(165,	9,	165),	
(166,	9,	166),	
(167,	9,	167),	
(168,	9,	168),	
(169,	9,	169),	
(170,	9,	170),	
(171,	9,	171),	
(172,	9,	172),	
(173,	9,	173),	
(174,	9,	174),	
(175,	9,	175),	
(176,	9,	176),	
(177,	9,	177),	
(178,	9,	178),	
(179,	10,	179),	
(180,	10,	180),	
(181,	10,	181),	
(182,	10,	182),	
(183,	10,	183),	
(184,	10,	184),	
(185,	10,	185),	
(186,	10,	186),	
(187,	10,	187),	
(188,	10,	188),	
(189,	10,	189),	
(190,	10,	190),	
(191,	10,	191),	
(192,	10,	192),	
(193,	10,	193),	
(194,	10,	194),	
(195,	10,	195),	
(196,	10,	196),	
(197,	15,	197),	
(198,	15,	198),	
(199,	15,	199),	
(200,	15,	200),	
(201,	15,	201),	
(202,	15,	202),	
(203,	15,	203),	
(204,	15,	204),	
(205,	15,	205),	
(206,	15,	206),	
(207,	15,	207),	
(208,	15,	208),	
(209,	15,	209),	
(210,	15,	210),	
(211,	15,	211),	
(212,	15,	212),	
(213,	16,	213),	
(214,	16,	214),	
(215,	16,	215),	
(216,	16,	216),	
(217,	16,	217),	
(218,	16,	218),	
(219,	16,	219),	
(220,	16,	220),	
(221,	16,	221),	
(222,	16,	222),	
(223,	16,	223),	
(224,	16,	224),	
(225,	16,	225),	
(226,	16,	226),	
(227,	16,	227),	
(228,	11,	228),	
(229,	11,	229),	
(230,	11,	230),	
(231,	11,	231),	
(232,	11,	232),	
(233,	11,	233),	
(234,	11,	234),	
(235,	11,	235),	
(236,	11,	236),	
(237,	11,	237),	
(238,	11,	238),	
(239,	11,	239),	
(240,	11,	240),	
(241,	11,	241),	
(242,	12,	242),	
(243,	12,	243),	
(244,	12,	244),	
(245,	12,	245),	
(246,	12,	246),	
(247,	12,	247),	
(248,	12,	248),	
(249,	12,	249),	
(250,	12,	250),	
(251,	12,	251),	
(252,	12,	252),	
(253,	12,	253),	
(254,	12,	254),	
(255,	12,	255),	
(256,	13,	256),	
(257,	13,	257),	
(258,	13,	258),	
(259,	13,	259),	
(260,	13,	260),	
(261,	13,	261),	
(262,	13,	262),	
(263,	13,	263),	
(264,	13,	264),	
(265,	13,	265),	
(266,	13,	266),	
(267,	13,	267),	
(268,	14,	268),	
(269,	14,	269),	
(270,	14,	270),	
(271,	14,	271),	
(272,	14,	272),	
(273,	14,	273),	
(274,	14,	274),	
(275,	14,	275),	
(276,	14,	276),	
(277,	14,	277),	
(278,	14,	278),	
(279,	14,	279),	
(280,	17,	280),	
(281,	17,	281),	
(282,	17,	282),	
(283,	17,	283),	
(284,	17,	284),	
(285,	17,	285),	
(286,	17,	286),	
(287,	17,	287),	
(288,	17,	288),	
(289,	17,	289),	
(290,	17,	290),	
(291,	18,	291),	
(292,	18,	292),	
(293,	18,	293),	
(294,	18,	294),	
(295,	18,	295),	
(296,	18,	296),	
(297,	18,	297),	
(298,	18,	298),	
(299,	18,	299),	
(300,	18,	300),	
(301,	19,	301),	
(302,	19,	302),	
(303,	19,	303),	
(304,	19,	304),	
(305,	19,	305),	
(306,	19,	306),	
(307,	19,	307),	
(308,	19,	308),	
(309,	19,	309),	
(310,	20,	310),	
(311,	20,	311),	
(312,	20,	312),	
(313,	20,	313),	
(314,	20,	314),	
(315,	20,	315),	
(316,	20,	316),	
(317,	20,	317),	
(318,	21,	318),	
(319,	21,	319),	
(320,	21,	320),	
(321,	21,	321),	
(322,	21,	322),	
(323,	21,	323),	
(324,	21,	324),	
(325,	22,	325),	
(326,	22,	326),	
(327,	22,	327),	
(328,	22,	328),	
(329,	22,	329),	
(330,	22,	330),	
(331,	23,	331),	
(332,	23,	332),	
(333,	23,	333),	
(334,	23,	334),	
(335,	23,	335),	
(336,	24,	336),	
(337,	24,	337),	
(338,	24,	338),	
(339,	24,	339),	
(340,	25,	340),	
(341,	25,	341),	
(342,	25,	342),	
(343,	26,	343),	
(344,	26,	344),	
(345,	27,	345),	
(346,	2,	1),	
(347,	4,	2),	
(348,	5,	3),	
(349,	6,	4),	
(350,	7,	5),	
(351,	8,	6),	
(352,	10,	7),	
(353,	13,	8),	
(354,	14,	9),	
(355,	15,	10),	
(356,	16,	11),	
(357,	17,	12),	
(358,	18,	13),	
(359,	19,	14),	
(360,	20,	15),	
(361,	21,	16),	
(362,	22,	17),	
(363,	23,	18),	
(364,	24,	19),	
(365,	25,	20),	
(366,	26,	21),	
(367,	27,	22),	
(368,	28,	23),	
(369,	3,	24),	
(370,	4,	25),	
(371,	5,	26),	
(372,	6,	27),	
(373,	7,	28),	
(374,	8,	29),	
(375,	10,	30),	
(376,	11,	31),	
(377,	13,	32),	
(378,	14,	33),	
(379,	15,	34),	
(380,	16,	35),	
(381,	17,	36),	
(382,	18,	37),	
(383,	19,	38),	
(384,	20,	39),	
(385,	21,	40),	
(386,	22,	41),	
(387,	23,	42),	
(388,	24,	43),	
(389,	25,	44),	
(390,	26,	45),	
(391,	27,	46),	
(392,	28,	47),	
(393,	4,	48),	
(394,	5,	49),	
(395,	6,	50),	
(396,	7,	51),	
(397,	8,	52),	
(398,	9,	53),	
(399,	10,	54),	
(400,	13,	55),	
(401,	14,	56),	
(402,	15,	57),	
(403,	16,	58),	
(404,	17,	59),	
(405,	18,	60),	
(406,	19,	61),	
(407,	20,	62),	
(408,	21,	63),	
(409,	22,	64),	
(410,	23,	65),	
(411,	24,	66),	
(412,	25,	67),	
(413,	26,	68),	
(414,	27,	69),	
(415,	28,	70),	
(416,	9,	71),	
(417,	10,	72),	
(418,	11,	73),	
(419,	12,	74),	
(420,	14,	75),	
(421,	15,	76),	
(422,	16,	77),	
(423,	17,	78),	
(424,	18,	79),	
(425,	19,	80),	
(426,	20,	81),	
(427,	21,	82),	
(428,	22,	83),	
(429,	23,	84),	
(430,	25,	85),	
(431,	26,	86),	
(432,	27,	87),	
(433,	28,	88),	
(434,	9,	89),	
(435,	10,	90),	
(436,	11,	91),	
(437,	12,	92),	
(438,	14,	93),	
(439,	15,	94),	
(440,	16,	95),	
(441,	17,	96),	
(442,	18,	97),	
(443,	19,	98),	
(444,	20,	99),	
(445,	21,	100),	
(446,	22,	101),	
(447,	23,	102),	
(448,	25,	103),	
(449,	26,	104),	
(450,	27,	105),	
(451,	28,	106),	
(452,	9,	107),	
(453,	10,	108),	
(454,	11,	109),	
(455,	12,	110),	
(456,	14,	111),	
(457,	15,	112),	
(458,	16,	113),	
(459,	17,	114),	
(460,	18,	115),	
(461,	19,	116),	
(462,	20,	117),	
(463,	21,	118),	
(464,	22,	119),	
(465,	23,	120),	
(466,	25,	121),	
(467,	26,	122),	
(468,	27,	123),	
(469,	28,	124),	
(470,	9,	125),	
(471,	10,	126),	
(472,	11,	127),	
(473,	12,	128),	
(474,	14,	129),	
(475,	15,	130),	
(476,	16,	131),	
(477,	17,	132),	
(478,	18,	133),	
(479,	19,	134),	
(480,	20,	135),	
(481,	21,	136),	
(482,	22,	137),	
(483,	23,	138),	
(484,	25,	139),	
(485,	26,	140),	
(486,	27,	141),	
(487,	28,	142),	
(488,	9,	143),	
(489,	10,	144),	
(490,	11,	145),	
(491,	12,	146),	
(492,	14,	147),	
(493,	15,	148),	
(494,	16,	149),	
(495,	17,	150),	
(496,	18,	151),	
(497,	19,	152),	
(498,	20,	153),	
(499,	21,	154),	
(500,	22,	155),	
(501,	23,	156),	
(502,	25,	157),	
(503,	26,	158),	
(504,	27,	159),	
(505,	28,	160),	
(506,	10,	161),	
(507,	11,	162),	
(508,	13,	163),	
(509,	14,	164),	
(510,	15,	165),	
(511,	16,	166),	
(512,	17,	167),	
(513,	18,	168),	
(514,	19,	169),	
(515,	20,	170),	
(516,	21,	171),	
(517,	22,	172),	
(518,	23,	173),	
(519,	24,	174),	
(520,	25,	175),	
(521,	26,	176),	
(522,	27,	177),	
(523,	28,	178),	
(524,	11,	179),	
(525,	12,	180),	
(526,	13,	181),	
(527,	14,	182),	
(528,	15,	183),	
(529,	16,	184),	
(530,	17,	185),	
(531,	18,	186),	
(532,	19,	187),	
(533,	20,	188),	
(534,	21,	189),	
(535,	22,	190),	
(536,	23,	191),	
(537,	24,	192),	
(538,	25,	193),	
(539,	26,	194),	
(540,	27,	195),	
(541,	28,	196),	
(542,	11,	197),	
(543,	12,	198),	
(544,	13,	199),	
(545,	14,	200),	
(546,	16,	201),	
(547,	17,	202),	
(548,	18,	203),	
(549,	19,	204),	
(550,	20,	205),	
(551,	21,	206),	
(552,	23,	207),	
(553,	24,	208),	
(554,	25,	209),	
(555,	26,	210),	
(556,	27,	211),	
(557,	28,	212),	
(558,	11,	213),	
(559,	12,	214),	
(560,	13,	215),	
(561,	14,	216),	
(562,	17,	217),	
(563,	18,	218),	
(564,	19,	219),	
(565,	20,	220),	
(566,	21,	221),	
(567,	22,	222),	
(568,	24,	223),	
(569,	25,	224),	
(570,	26,	225),	
(571,	27,	226),	
(572,	28,	227),	
(573,	13,	228),	
(574,	14,	229),	
(575,	17,	230),	
(576,	18,	231),	
(577,	19,	232),	
(578,	20,	233),	
(579,	21,	234),	
(580,	22,	235),	
(581,	23,	236),	
(582,	24,	237),	
(583,	25,	238),	
(584,	26,	239),	
(585,	27,	240),	
(586,	28,	241),	
(587,	13,	242),	
(588,	14,	243),	
(589,	17,	244),	
(590,	18,	245),	
(591,	19,	246),	
(592,	20,	247),	
(593,	21,	248),	
(594,	22,	249),	
(595,	23,	250),	
(596,	24,	251),	
(597,	25,	252),	
(598,	26,	253),	
(599,	27,	254),	
(600,	28,	255),	
(601,	14,	256),	
(602,	17,	257),	
(603,	18,	258),	
(604,	19,	259),	
(605,	20,	260),	
(606,	21,	261),	
(607,	22,	262),	
(608,	23,	263),	
(609,	25,	264),	
(610,	26,	265),	
(611,	27,	266),	
(612,	28,	267),	
(613,	17,	268),	
(614,	18,	269),	
(615,	19,	270),	
(616,	20,	271),	
(617,	21,	272),	
(618,	22,	273),	
(619,	23,	274),	
(620,	24,	275),	
(621,	25,	276),	
(622,	26,	277),	
(623,	27,	278),	
(624,	28,	279),	
(625,	18,	280),	
(626,	19,	281),	
(627,	20,	282),	
(628,	21,	283),	
(629,	22,	284),	
(630,	23,	285),	
(631,	24,	286),	
(632,	25,	287),	
(633,	26,	288),	
(634,	27,	289),	
(635,	28,	290),	
(636,	19,	291),	
(637,	20,	292),	
(638,	21,	293),	
(639,	22,	294),	
(640,	23,	295),	
(641,	24,	296),	
(642,	25,	297),	
(643,	26,	298),	
(644,	27,	299),	
(645,	28,	300),	
(646,	20,	301),	
(647,	21,	302),	
(648,	22,	303),	
(649,	23,	304),	
(650,	24,	305),	
(651,	25,	306),	
(652,	26,	307),	
(653,	27,	308),	
(654,	28,	309),	
(655,	21,	310),	
(656,	22,	311),	
(657,	23,	312),	
(658,	24,	313),	
(659,	25,	314),	
(660,	26,	315),	
(661,	27,	316),	
(662,	28,	317),	
(663,	22,	318),	
(664,	23,	319),	
(665,	24,	320),	
(666,	25,	321),	
(667,	26,	322),	
(668,	27,	323),	
(669,	28,	324),	
(670,	23,	325),	
(671,	24,	326),	
(672,	25,	327),	
(673,	26,	328),	
(674,	27,	329),	
(675,	28,	330),	
(676,	24,	331),	
(677,	25,	332),	
(678,	26,	333),	
(679,	27,	334),	
(680,	28,	335),	
(681,	25,	336),	
(682,	26,	337),	
(683,	27,	338),	
(684,	28,	339),	
(685,	26,	340),	
(686,	27,	341),	
(687,	28,	342),	
(688,	27,	343),	
(689,	28,	344),	
(690,	28,	345);

Insert combos_by_doctors
****************************
INSERT INTO combos_by_doctors (id,combo_id,doctor_id)
values 
(1,	1,	1),	
(2,	2,	1),	
(3,	3,	1),	
(4,	4,	1),	
(5,	5,	1),	
(6,	6,	1),	
(7,	7,	1),	
(8,	8,	1),	
(9,	9,	1),	
(10,	10,	1),	
(11,	11,	1),	
(12,	12,	1),	
(13,	13,	1),	
(14,	24,	1),	
(15,	25,	1),	
(16,	26,	1),	
(17,	30,	1),	
(18,	31,	1),	
(19,	33,	1),	
(20,	34,	1),	
(21,	35,	1),	
(22,	36,	1),	
(23,	37,	1),	
(24,	48,	1),	
(25,	49,	1),	
(26,	50,	1),	
(27,	51,	1),	
(28,	52,	1),	
(29,	53,	1),	
(30,	54,	1),	
(31,	55,	1),	
(32,	56,	1),	
(33,	57,	1),	
(34,	58,	1),	
(35,	59,	1),	
(36,	60,	1),	
(37,	71,	1),	
(38,	72,	1),	
(39,	73,	1),	
(40,	74,	1),	
(41,	75,	1),	
(42,	76,	1),	
(43,	77,	1),	
(44,	78,	1),	
(45,	79,	1),	
(46,	89,	1),	
(47,	90,	1),	
(48,	91,	1),	
(49,	92,	1),	
(50,	93,	1),	
(51,	94,	1),	
(52,	95,	1),	
(53,	96,	1),	
(54,	97,	1),	
(55,	107,	1),	
(56,	108,	1),	
(57,	109,	1),	
(58,	110,	1),	
(59,	111,	1),	
(60,	112,	1),	
(61,	113,	1),	
(62,	114,	1),	
(63,	115,	1),	
(64,	125,	1),	
(65,	126,	1),	
(66,	127,	1),	
(67,	128,	1),	
(68,	129,	1),	
(69,	130,	1),	
(70,	131,	1),	
(71,	132,	1),	
(72,	133,	1),	
(73,	143,	1),	
(74,	144,	1),	
(75,	145,	1),	
(76,	146,	1),	
(77,	147,	1),	
(78,	148,	1),	
(79,	149,	1),	
(80,	150,	1),	
(81,	151,	1),	
(82,	161,	1),	
(83,	162,	1),	
(84,	163,	1),	
(85,	164,	1),	
(86,	165,	1),	
(87,	166,	1),	
(88,	167,	1),	
(89,	168,	1),	
(90,	179,	1),	
(91,	180,	1),	
(92,	181,	1),	
(93,	182,	1),	
(94,	183,	1),	
(95,	184,	1),	
(96,	185,	1),	
(97,	186,	1),	
(98,	197,	1),	
(99,	198,	1),	
(100,	199,	1),	
(101,	200,	1),	
(102,	201,	1),	
(103,	202,	1),	
(104,	203,	1),	
(105,	213,	1),	
(106,	214,	1),	
(107,	215,	1),	
(108,	216,	1),	
(109,	217,	1),	
(110,	218,	1),	
(111,	228,	1),	
(112,	229,	1),	
(113,	230,	1),	
(114,	231,	1),	
(115,	242,	1),	
(116,	243,	1),	
(117,	244,	1),	
(118,	245,	1),	
(119,	256,	1),	
(120,	257,	1),	
(121,	258,	1),	
(122,	268,	1),	
(123,	269,	1),	
(124,	280,	1),	
(125,	1,	3),	
(126,	2,	3),	
(127,	3,	3),	
(128,	4,	3),	
(129,	5,	3),	
(130,	6,	3),	
(131,	7,	3),	
(132,	8,	3),	
(133,	9,	3),	
(134,	10,	3),	
(135,	11,	3),	
(136,	12,	3),	
(137,	13,	3),	
(138,	24,	3),	
(139,	25,	3),	
(140,	26,	3),	
(382,	27,	3),  -- ADD	
(383,	28,	3),	 -- ADD
(384,	29,	3),	 -- ADD
(141,	30,	3),	
(142,	31,	3),	
(143,	33,	3),	
(144,	34,	3),	
(145,	35,	3),	
(146,	36,	3),	
(147,	37,	3),	
(148,	48,	3),	
(149,	49,	3),	
(150,	50,	3),	
(151,	51,	3),	
(152,	52,	3),	
(153,	53,	3),	
(154,	54,	3),	
(155,	55,	3),	
(156,	56,	3),	
(157,	57,	3),	
(158,	58,	3),	
(159,	59,	3),	
(160,	60,	3),	
(161,	71,	3),	
(162,	72,	3),	
(163,	73,	3),	
(164,	74,	3),	
(165,	75,	3),	
(166,	76,	3),	
(167,	77,	3),	
(168,	78,	3),	
(169,	79,	3),	
(170,	89,	3),	
(171,	90,	3),	
(172,	91,	3),	
(173,	92,	3),	
(174,	93,	3),	
(175,	94,	3),	
(176,	95,	3),	
(177,	96,	3),	
(178,	97,	3),	
(179,	107,	3),	
(180,	108,	3),	
(181,	109,	3),	
(182,	110,	3),	
(183,	111,	3),	
(184,	112,	3),	
(185,	113,	3),	
(186,	114,	3),	
(187,	115,	3),	
(188,	125,	3),	
(189,	126,	3),	
(190,	127,	3),	
(191,	128,	3),	
(192,	129,	3),	
(193,	130,	3),	
(194,	131,	3),	
(195,	132,	3),	
(196,	133,	3),	
(197,	143,	3),	
(198,	144,	3),	
(199,	145,	3),	
(200,	146,	3),	
(201,	147,	3),	
(202,	148,	3),	
(203,	149,	3),	
(204,	150,	3),	
(205,	151,	3),	
(206,	161,	3),	
(207,	162,	3),	
(208,	163,	3),	
(209,	164,	3),	
(210,	165,	3),	
(211,	166,	3),	
(212,	167,	3),	
(213,	168,	3),	
(214,	179,	3),	
(215,	180,	3),	
(216,	181,	3),	
(217,	182,	3),	
(218,	183,	3),	
(219,	184,	3),	
(220,	185,	3),	
(221,	186,	3),	
(222,	197,	3),	
(223,	198,	3),	
(224,	199,	3),	
(225,	200,	3),	
(226,	201,	3),	
(227,	202,	3),	
(228,	203,	3),	
(229,	213,	3),	
(230,	214,	3),	
(231,	215,	3),	
(232,	216,	3),	
(233,	217,	3),	
(234,	218,	3),	
(235,	228,	3),	
(236,	229,	3),	
(237,	230,	3),	
(238,	231,	3),	
(239,	242,	3),	
(240,	243,	3),	
(241,	244,	3),	
(242,	245,	3),	
(243,	256,	3),	
(244,	257,	3),	
(245,	258,	3),	
(246,	268,	3),	
(247,	269,	3),	
(248,	280,	3),	
(249,	23,	3),	
(250,	47,	3),	
(251,	70,	3),	
(252,	88,	3),	
(253,	106,	3),	
(254,	124,	3),	
(255,	142,	3),	
(256,	160,	3),	
(257,	178,	3),	
(258,	196,	3),	
(259,	212,	3),	
(260,	227,	3),	
(261,	241,	3),	
(262,	255,	3),	
(263,	267,	3),	
(264,	279,	3),	
(265,	290,	3),	
(266,	300,	3),	
(267,	1,	2),	
(268,	7,	2),	
(269,	9,	2),	
(270,	10,	2),	
(271,	11,	2),	
(272,	12,	2),	
(273,	13,	2),	
(274,	22,	2),	
(275,	30,	2),	
(276,	33,	2),	
(277,	34,	2),	
(278,	35,	2),	
(279,	36,	2),	
(280,	37,	2),	
(281,	46,	2),	
(282,	54,	2),	
(283,	56,	2),	
(284,	57,	2),	
(285,	58,	2),	
(286,	59,	2),	
(287,	60,	2),	
(288,	72,	2),	
(289,	76,	2),	
(290,	77,	2),	
(291,	78,	2),	
(292,	79,	2),	
(293,	90,	2),	
(294,	94,	2),	
(295,	95,	2),	
(296,	96,	2),	
(297,	97,	2),	
(298,	108,	2),	
(299,	112,	2),	
(300,	113,	2),	
(301,	114,	2),	
(302,	115,	2),	
(303,	126,	2),	
(304,	130,	2),	
(305,	131,	2),	
(306,	132,	2),	
(307,	133,	2),	
(308,	144,	2),	
(309,	148,	2),	
(310,	149,	2),	
(311,	150,	2),	
(312,	151,	2),	
(313,	161,	2),	
(314,	165,	2),	
(315,	166,	2),	
(316,	167,	2),	
(317,	168,	2),	
(318,	179,	2),	
(319,	181,	2),	
(320,	182,	2),	
(321,	183,	2),	
(322,	184,	2),	
(323,	185,	2),	
(324,	186,	2),	
(325,	187,	2),	
(326,	188,	2),	
(327,	190,	2),	
(328,	191,	2),	
(329,	192,	2),	
(330,	193,	2),	
(331,	194,	2),	
(332,	195,	2),	
(333,	197,	2),	
(334,	199,	2),	
(335,	200,	2),	
(336,	201,	2),	
(337,	202,	2),	
(338,	203,	2),	
(339,	204,	2),	
(340,	205,	2),	
(341,	207,	2),	
(342,	208,	2),	
(343,	209,	2),	
(344,	210,	2),	
(345,	211,	2),	
(346,	213,	2),	
(347,	215,	2),	
(348,	216,	2),	
(349,	217,	2),	
(350,	218,	2),	
(351,	219,	2),	
(352,	220,	2),	
(353,	222,	2),	
(354,	223,	2),	
(355,	224,	2),	
(356,	225,	2),	
(357,	226,	2),	
(358,	229,	2),	
(359,	230,	2),	
(360,	231,	2),	
(361,	257,	2),	
(362,	258,	2),	
(363,	268,	2),	
(364,	269,	2),	
(365,	280,	2),	
(366,	281,	2),	
(367,	282,	2),	
(368,	284,	2),	
(369,	285,	2),	
(370,	286,	2),	
(371,	287,	2),	
(372,	288,	2),	
(373,	289,	2),	
(374,	291,	2),	
(375,	292,	2),	
(376,	294,	2),	
(377,	295,	2),	
(378,	296,	2),	
(379,	297,	2),	
(380,	298,	2),	
(381,	299,	2);	

Insert products_recommended_by_procedure
*****************************************
INSERT INTO products_recommended_by_procedure (id,product_id,procedure_id,amount_recommended)
values 
(1,1,1,2),
(2,2,1,1),
(3,4,1,3),
(4,1,9,2),
(5,2,9,1),
(6,4,9,3),
(7,1,10,2),
(8,2,10,1),
(9,4,10,3),
(10,1,15,2),
(11,2,15,1),
(12,4,15,3),
(13,1,16,2),
(14,2,16,1),
(15,4,16,3),
(16,1,17,2),
(17,2,17,1),
(18,4,17,3),
(19,1,2,2),
(20,2,2,1),
(21,4,2,3),
(22,3,2,1),
(23,2,3,1),
(24,4,3,3),
(25,6,3,1),
(26,2,11,1),
(27,4,11,3),
(28,6,11,1),
(29,2,12,1),
(30,4,12,3),
(31,6,12,1),
(32,7,4,1),
(33,7,5,1),
(34,7,6,1),
(35,7,7,1),
(36,7,8,1),
(37,7,13,1);

Insert products_recommended_by_procedure
*****************************************
INSERT INTO products_by_docts_and_procs (id,product_id,proc_by_doct_id,is_included)
values 
(1,11,2,true),
(2,11,20,false),
(3,11,46,false),
(4,11,1,true),
(5,11,9,true),
(6,11,10,true),
(7,11,15,true),
(8,11,16,true),
(9,11,17,true);


