INSERT INTO sufferings (name, accepted, warning) VALUES ('Anemia', 3, 'See requirements'), ('Asthma', 1, ''), ('Constipation', 1, ''), ('Gastroesophageal reflux(GERD)', 1, ''), ('Herpes simplex (HSV)', 1, ''), ('High blood pressure', 3, 'See requirements'), ('Human papillomavirus (HPV)', 1, ''), ('Hyperthyroidism', 1, ''), ('Intussusception', 3, 'needs to be fixed before'), ('Migraine', 1, ''), ('Psoriasis', 1, ''), ('Scoliosis', 1, ''), ('Umbilical hernia', 3, 'needs to be fixed before or added to the sx for an extra charge'), ('Uterus prolapse', 3, 'needs to be fixed before'), ('Vitamin D deficiency', 1, ''), ('Vitiligo', 1, ''), ('Chronic kidney disease', 0, ''), ('Crohn''s disease', 0, ''), ('Factor V Leiden', 0, ''), ('G6P deficiency', 0, ''), ('Hepatitis', 0, ''), ('Hyperlipidemia', 0, ''), ('Long Colapse', 0, ''), ('Lupus', 0, ''), ('Multiple sclerosis', 0, ''), ('Sleep apnea', 0, ''), ('Type 1 diabetes', 0, ''), ('Hysterectomy', 0, ''), ('HIV', 2, 'See requirements'), ('Type 2 diabetes', 2, 'See requirements');
INSERT INTO doctors (name, surname) VALUES('WILLIAM', 'dr'), ('SALAS', 'dr'), ('BREWSTER', 'dr'), ('TACHMES', 'dr');
INSERT INTO sufferings_by_doctors (suffering_id, doctor_id) VALUES(30, 1), (29, 1), (30, 3), (29, 3);
INSERT INTO procedures (name) VALUES ('LIPO 360'), ('BBL'), ('TT2'), ('BA GEL'), ('BA SALINE'), ('B LIFT'), ('BL GEL'), ('BL SALINE'), ('BACK LIPO'), ('CHIN LIPO'), ('ARM LIPO'), ('INNER THIGH LIPO'), ('TT4'), ('TT10'), ('BREAST R'), ('Face LIFT'), ('Blepharoplasty'), ('Arm Lift'), ('Thigh Lift'), ('Gynecomastia'), ('Otoplasty'), ('Rhinoplasty'), ('Abs sketching');
INSERT INTO combos (number) VALUES (1), (2), (3), (4), (5), (6), (7), (8);
INSERT INTO procedures_by_combos (procedure_id, combo_id) VALUES (1, 1), (1, 2), (2, 3), (3, 4), (3, 5), (4, 6), (5, 1), (6, 2), (6, 3), (7, 4), (8, 5), (8, 6);
INSERT INTO combos_by_doctors (combo_id, doctor_id) VALUES (1, 1), (1, 2), (1, 3), (1, 4), (2, 1), (2, 3), (2, 4), (3, 1), (3, 2), (3, 4), (4, 1), (4, 4), (5, 2), (6, 2), (6, 4);
INSERT INTO procs_by_doctors (procedure_id, doctor_id) VALUES (1, 1), (2, 1), (3, 1), (5, 1), (6, 1), (7, 1), (8, 1), (1, 2), (2, 2), (3, 2), (4, 2), (5, 2), (6, 2), (7, 2), (8, 2), (1, 3), (5, 3), (6, 3), (1, 4), (2, 4), (3, 4), (4, 4), (5, 4), (6, 4), (7, 4), (8, 4), (4, 3) ;